tag,ni,nj,level,length,orig,kind,tributary_area_m2,slab_load_kN,equivalent_line_load_kN_m,tributary_level
51,74,75,P1,1.5159999999999982,1,beam,0.0,0.0,0.0,P1
52,76,77,P1,6.344999999999999,2,beam,40.0625,150.234,23.6769,P1
53,78,74,P1,2.975945227990596,3,beam,377.25,1414.688,463.832,P1
70,101,102,P2,7.196255970989356,0,beam,0.0,0.0,0.0,P2
71,102,103,P2,0.4242640687119295,0,beam,0.0,0.0,0.0,P2
72,22,18,P2,10.0,1,beam,24.375,91.406,9.8286,P2
73,18,104,P2,5.008991914547277,2,beam,5.8541,21.953,4.6258,P2
74,104,105,P2,2.2104524423746383,2,beam,2.5834,9.688,4.6258,P2
75,106,24,P2,2.210000000000001,3,beam,1.875,7.031,3.7802,P2
76,24,107,P2,5.008991914547278,4,beam,6.875,25.781,5.5444,P2
77,107,25,P2,5.008991914547278,4,beam,6.875,25.781,5.5444,P2
78,25,108,P2,5.008991914547277,5,beam,6.875,25.781,5.5444,P2
79,108,26,P2,5.008991914547277,5,beam,6.875,25.781,5.5444,P2
80,26,33,P2,5.0,6,beam,6.875,25.781,5.9956,P2
81,20,19,P2,10.0,7,beam,47.75,179.062,19.254,P2
82,19,109,P2,4.700000004255318,8,beam,12.5,46.875,10.7759,P2
83,110,111,P2,2.2104524423746352,9,beam,4.5484,17.057,8.4052,P2
84,111,23,P2,2.527888454817579,9,beam,5.2016,19.506,8.4052,P2
85,23,112,P2,4.700000004255318,10,beam,12.5,46.875,10.7759,P2
86,113,30,P2,4.700000004255318,11,beam,12.5,46.875,10.7759,P2
87,30,114,P2,4.700000004255322,12,beam,12.5,46.875,10.7759,P2
88,115,27,P2,4.700000000000003,13,beam,12.5,46.875,10.7759,P2
89,27,34,P2,5.0,14,beam,12.5,46.875,10.9012,P2
90,21,17,P2,10.0,15,beam,25.875,97.031,10.4335,P2
91,17,116,P2,5.00900389698391,16,beam,6.875,25.781,5.5444,P2
92,116,31,P2,5.008991914547278,16,beam,6.875,25.781,5.5444,P2
93,31,117,P2,5.008991914547278,17,beam,6.875,25.781,5.5444,P2
94,117,29,P2,5.008991914547278,17,beam,6.875,25.781,5.5444,P2
95,29,118,P2,5.008991914547278,18,beam,6.875,25.781,5.5444,P2
96,118,28,P2,5.008991914547278,18,beam,6.875,25.781,5.5444,P2
97,28,32,P2,5.0,19,beam,6.875,25.781,5.9956,P2
98,22,20,P2,7.250199999999998,20,beam,13.125,49.219,7.5141,P2
99,20,119,P2,4.899800000000001,21,beam,11.625,43.594,9.5815,P2
100,120,21,P2,3.8002,22,beam,7.5,28.125,8.1517,P2
101,121,101,P2,0.4242640687119295,23,beam,0.0,0.0,0.0,P2
102,101,18,P2,4.130907890524795,23,beam,0.0,0.0,0.0,P2
103,18,19,P2,7.250199999999998,24,beam,25.0,93.75,14.3125,P2
104,19,17,P2,8.9,25,beam,34.75,130.312,15.8918,P2
105,104,122,P2,6.650000000000002,26,beam,19.375,72.656,10.9258,P2
106,123,116,P2,8.299999999999999,27,beam,31.25,117.188,14.119,P2
107,102,124,P2,3.5199999999999996,28,beam,0.0,0.0,0.0,P2
108,125,111,P2,6.650000000000002,29,beam,14.9375,56.016,8.4234,P2
109,126,24,P2,2.610000000000003,30,beam,0.0,0.0,0.0,P2
110,24,23,P2,7.250199999999998,31,beam,19.375,72.656,11.0922,P2
111,23,31,P2,8.8998,32,beam,31.25,117.188,14.2915,P2
112,127,107,P2,2.0100000000000016,33,beam,0.0,0.0,0.0,P2
114,130,117,P2,8.299999999999999,35,beam,31.25,117.188,14.119,P2
115,131,25,P2,2.3098000000000027,36,beam,0.0,0.0,0.0,P2
116,25,30,P2,7.250199999999998,37,beam,23.75,89.062,13.5969,P2
117,30,29,P2,8.8998,38,beam,31.25,117.188,14.2915,P2
118,108,132,P2,6.650000000000002,39,beam,23.75,89.062,13.3929,P2
119,133,118,P2,8.299999999999999,40,beam,31.25,117.188,14.119,P2
120,26,27,P2,7.249999999999998,41,beam,23.75,89.062,13.5973,P2
121,27,28,P2,8.9,42,beam,31.25,117.188,14.2915,P2
122,33,34,P2,7.249999999999998,43,beam,11.875,44.531,6.7987,P2
123,34,32,P2,8.9,44,beam,15.625,58.594,7.1458,P2
133,142,143,P3,0.4242640687119295,0,beam,0.0,0.0,0.0,P3
134,143,144,P3,10.017983829094556,0,beam,0.0,0.0,0.0,P3
135,144,145,P3,0.4242640687119295,0,beam,0.0,0.0,0.0,P3
136,146,147,P3,0.4242640687119295,1,beam,0.0,0.0,0.0,P3
137,147,148,P3,2.1999999999999993,1,beam,0.0,0.0,0.0,P3
138,148,149,P3,0.4242640687119295,1,beam,0.0,0.0,0.0,P3
139,40,36,P3,10.0,2,beam,24.375,91.406,9.8286,P3
140,36,150,P3,1.9000000000000004,3,beam,1.25,4.688,3.024,P3
141,151,152,P3,2.517935662402834,4,beam,3.0525,11.447,4.7859,P3
142,152,42,P3,5.008991914547277,4,beam,6.0725,22.772,4.7859,P3
143,42,153,P3,5.008991914547277,5,beam,6.875,25.781,5.5444,P3
144,153,43,P3,5.008991914547277,5,beam,6.875,25.781,5.5444,P3
145,43,154,P3,5.008991914547277,6,beam,6.875,25.781,5.5444,P3
146,154,44,P3,5.008991914547277,6,beam,6.875,25.781,5.5444,P3
147,155,51,P3,4.149999999999999,7,beam,6.625,24.844,6.5378,P3
148,51,156,P3,4.600000000000001,8,beam,0.0,0.0,0.0,P3
149,38,37,P3,10.0,9,beam,47.75,179.062,19.254,P3
150,37,157,P3,2.2203873626013992,10,beam,4.5982,17.243,8.4591,P3
151,157,158,P3,2.5179356624028344,10,beam,5.2143,19.554,8.4591,P3
152,159,41,P3,4.700000004255318,11,beam,12.5,46.875,10.7759,P3
153,41,160,P3,4.700000004255318,12,beam,12.5,46.875,10.7759,P3
154,161,48,P3,4.700000004255318,13,beam,12.5,46.875,10.7759,P3
155,48,162,P3,4.700000004255322,14,beam,12.5,46.875,10.7759,P3
156,163,45,P3,4.700000000000003,15,beam,12.5,46.875,10.7759,P3
157,45,52,P3,5.0,16,beam,12.5,46.875,10.9012,P3
158,52,164,P3,4.600000000000001,17,beam,0.0,0.0,0.0,P3
159,39,35,P3,10.0,18,beam,25.875,97.031,10.4335,P3
160,35,165,P3,5.00900389698391,19,beam,6.875,25.781,5.5444,P3
161,165,49,P3,5.008991914547278,19,beam,6.875,25.781,5.5444,P3
162,49,166,P3,5.008991914547278,20,beam,6.875,25.781,5.5444,P3
163,166,47,P3,5.008991914547278,20,beam,6.875,25.781,5.5444,P3
164,47,167,P3,5.008991914547278,21,beam,6.875,25.781,5.5444,P3
165,167,46,P3,5.008991914547278,21,beam,6.875,25.781,5.5444,P3
166,46,50,P3,5.0,22,beam,6.875,25.781,5.9956,P3
167,50,168,P3,4.600000000000001,23,beam,0.0,0.0,0.0,P3
168,40,38,P3,7.2501999999999995,24,beam,13.125,49.219,7.5141,P3
169,38,169,P3,4.899799999999999,25,beam,11.625,43.594,9.5815,P3
170,170,39,P3,3.8002000000000002,26,beam,7.5,28.125,8.1517,P3
171,147,36,P3,2.3100000000000023,27,beam,0.0,0.0,0.0,P3
172,36,37,P3,7.2501999999999995,28,beam,19.375,72.656,11.0922,P3
173,37,35,P3,8.899999999999999,29,beam,34.75,130.312,15.8918,P3
174,148,171,P3,2.0100000000000016,30,beam,0.0,0.0,0.0,P3
175,172,157,P3,6.650000000000002,31,beam,14.9375,56.016,8.4234,P3
176,152,173,P3,6.650000000000002,32,beam,20.5,76.875,11.5602,P3
177,174,165,P3,8.299999999999999,33,beam,31.25,117.188,14.119,P3
178,143,42,P3,3.8200000000000003,34,beam,0.0,0.0,0.0,P3
179,42,41,P3,7.2501999999999995,35,beam,23.75,89.062,13.5969,P3
180,41,49,P3,8.899799999999999,36,beam,31.25,117.188,14.2915,P3
181,153,175,P3,6.650000000000002,37,beam,23.75,89.062,13.3929,P3
182,176,166,P3,8.299999999999999,38,beam,31.25,117.188,14.119,P3
183,144,145,P3,0.4242640687119295,39,beam,0.0,0.0,0.0,P3
184,145,43,P3,4.130907890524795,39,beam,0.0,0.0,0.0,P3
185,43,48,P3,7.2501999999999995,40,beam,23.75,89.062,13.5969,P3
186,48,47,P3,8.899799999999999,41,beam,31.25,117.188,14.2915,P3
187,154,177,P3,6.650000000000002,42,beam,23.75,89.062,13.3929,P3
188,178,167,P3,8.299999999999999,43,beam,31.25,117.188,14.119,P3
189,44,45,P3,7.249999999999998,44,beam,24.0,90.0,13.7405,P3
190,45,46,P3,8.9,45,beam,31.25,117.188,14.2915,P3
191,51,52,P3,7.249999999999998,46,beam,11.875,44.531,6.7987,P3
192,52,50,P3,8.9,47,beam,15.625,58.594,7.1458,P3
193,179,156,P3,0.424264068711927,48,beam,0.0,0.0,0.0,P3
194,156,164,P3,7.249999999999998,48,beam,0.0,0.0,0.0,P3
195,164,168,P3,8.9,48,beam,0.0,0.0,0.0,P3
196,168,180,P3,0.4242640687119265,48,beam,0.0,0.0,0.0,P3
206,189,190,P4,0.4242640687119295,0,beam,0.0,0.0,0.0,P4
207,190,191,P4,10.0,0,beam,0.0,0.0,0.0,P4
208,191,192,P4,0.4242640687119295,0,beam,0.0,0.0,0.0,P4
209,58,54,P4,10.0,1,beam,24.375,91.406,9.8286,P4
210,54,193,P4,5.008991914547277,2,beam,6.875,25.781,5.5444,P4
211,193,60,P4,5.008991914547277,2,beam,6.875,25.781,5.5444,P4
212,60,194,P4,5.008991914547277,3,beam,6.875,25.781,5.5444,P4
213,194,61,P4,5.008991914547277,3,beam,6.875,25.781,5.5444,P4
214,61,195,P4,5.008991914547277,4,beam,6.875,25.781,5.5444,P4
215,195,62,P4,5.008991914547277,4,beam,6.875,25.781,5.5444,P4
216,62,69,P4,5.0,5,beam,6.875,25.781,5.9956,P4
217,69,196,P4,4.600000000000001,6,beam,0.0,0.0,0.0,P4
218,56,55,P4,10.0,7,beam,47.75,179.062,19.254,P4
219,55,197,P4,4.700000004255318,8,beam,12.5,46.875,10.7759,P4
220,198,59,P4,4.700000004255318,9,beam,12.5,46.875,10.7759,P4
221,59,199,P4,4.700000004255318,10,beam,12.5,46.875,10.7759,P4
222,200,66,P4,4.700000004255318,11,beam,12.5,46.875,10.7759,P4
223,66,201,P4,4.700000004255322,12,beam,12.5,46.875,10.7759,P4
224,202,63,P4,4.700000000000003,13,beam,12.5,46.875,10.7759,P4
225,63,70,P4,5.0,14,beam,12.5,46.875,10.9012,P4
226,70,203,P4,4.600000000000001,15,beam,0.0,0.0,0.0,P4
227,57,53,P4,10.0,16,beam,25.875,97.031,10.4335,P4
228,53,204,P4,5.00900389698391,17,beam,6.875,25.781,5.5444,P4
229,204,67,P4,5.008991914547278,17,beam,6.875,25.781,5.5444,P4
230,67,205,P4,5.008991914547278,18,beam,6.875,25.781,5.5444,P4
231,205,65,P4,5.008991914547278,18,beam,6.875,25.781,5.5444,P4
232,65,206,P4,5.008991914547278,19,beam,6.875,25.781,5.5444,P4
233,206,64,P4,5.008991914547278,19,beam,6.875,25.781,5.5444,P4
234,64,68,P4,5.0,20,beam,6.875,25.781,5.9956,P4
235,68,207,P4,4.600000000000001,21,beam,0.0,0.0,0.0,P4
236,58,56,P4,7.2501999999999995,22,beam,13.125,49.219,7.5141,P4
237,56,208,P4,4.899799999999999,23,beam,11.625,43.594,9.5815,P4
238,209,57,P4,3.8002000000000002,24,beam,7.5,28.125,8.1517,P4
239,54,55,P4,7.2501999999999995,25,beam,25.0,93.75,14.3125,P4
240,55,53,P4,8.899999999999999,26,beam,34.75,130.312,15.8918,P4
241,193,210,P4,6.650000000000002,27,beam,23.75,89.062,13.3929,P4
242,211,204,P4,8.299999999999999,28,beam,31.25,117.188,14.119,P4
243,190,60,P4,3.8200000000000003,29,beam,0.0,0.0,0.0,P4
244,60,59,P4,7.2501999999999995,30,beam,23.75,89.062,13.5969,P4
245,59,67,P4,8.899799999999999,31,beam,31.25,117.188,14.2915,P4
246,194,212,P4,6.650000000000002,32,beam,23.75,89.062,13.3929,P4
247,213,205,P4,8.299999999999999,33,beam,31.25,117.188,14.119,P4
248,191,61,P4,3.8200000000000003,34,beam,0.0,0.0,0.0,P4
249,61,66,P4,7.2501999999999995,35,beam,23.75,89.062,13.5969,P4
250,66,65,P4,8.899799999999999,36,beam,31.25,117.188,14.2915,P4
251,195,214,P4,6.650000000000002,37,beam,23.75,89.062,13.3929,P4
252,215,206,P4,8.299999999999999,38,beam,31.25,117.188,14.119,P4
253,62,63,P4,7.249999999999998,39,beam,23.75,89.062,13.5973,P4
254,63,64,P4,8.9,40,beam,31.25,117.188,14.2915,P4
255,69,70,P4,7.249999999999998,41,beam,11.875,44.531,6.7987,P4
256,70,68,P4,8.9,42,beam,15.625,58.594,7.1456,P4
257,216,196,P4,0.424264068711927,43,beam,0.0,0.0,0.0,P4
258,196,203,P4,7.249999999999998,43,beam,0.0,0.0,0.0,P4
259,203,207,P4,8.9,43,beam,0.0,0.0,0.0,P4
260,207,217,P4,0.4242640687119265,43,beam,0.0,0.0,0.0,P4
